0, 28/12/16 11:38:22
0, 28/12/16 11:38:25
0, 28/12/16 11:38:26
0, 28/12/16 11:38:28
0, 28/12/16 11:38:29
0, 28/12/16 11:38:30
0, 28/12/16 11:38:32
0, 28/12/16 11:38:33
0, 28/12/16 11:38:35
0, 28/12/16 11:38:36
0, 28/12/16 11:38:38
0, 28/12/16 11:38:39
0, 28/12/16 11:38:40
0, 28/12/16 11:38:42
0, 28/12/16 11:38:43
0, 28/12/16 11:38:45
0, 28/12/16 11:38:46
0, 28/12/16 11:44:03
96, 28/12/16 11:45:57
192, 28/12/16 11:46:47
288, 28/12/16 11:48:23
384, 28/12/16 11:50:06
480, 28/12/16 11:50:56
576, 28/12/16 11:51:47
672, 28/12/16 11:52:37
768, 28/12/16 12:20:12
864, 28/12/16 12:21:03
960, 28/12/16 13:02:32
30961, 28/12/16 13:31:00
30096, 28/12/16 15:22:21
30192, 10/01/17 11:18:24
30288, 10/01/17 11:47:08
30384, 10/01/17 11:47:58
96, 07/06/17 15:29:10
192, 07/06/17 15:30:01
288, 07/06/17 15:31:06
384, 07/06/17 15:43:33
480, 07/06/17 15:44:23
576, 07/06/17 15:45:14
97, 09/06/17 10:46:54
96, 09/06/17 10:47:43
96, 09/06/17 11:39:07
192, 09/06/17 11:39:57
288, 09/06/17 11:40:47
384, 09/06/17 13:04:09
480, 09/06/17 13:04:59
576, 09/06/17 13:05:50
110, 09/06/17 13:07:11
206, 09/06/17 13:08:01
302, 09/06/17 13:08:52
398, 09/06/17 13:09:42
494, 09/06/17 13:10:32
590, 09/06/17 13:11:23
686, 09/06/17 13:12:13
782, 09/06/17 13:13:04
878, 09/06/17 13:13:54
974, 09/06/17 13:14:44
1070, 09/06/17 13:15:35
1166, 09/06/17 13:16:25
1262, 09/06/17 13:17:15
1358, 09/06/17 13:18:06
1454, 09/06/17 13:18:56
1550, 09/06/17 13:19:47
1646, 09/06/17 13:20:37
1742, 09/06/17 13:21:27
1838, 09/06/17 13:22:18
1934, 09/06/17 13:23:08
2030, 09/06/17 13:23:58
2126, 09/06/17 13:24:49
2222, 09/06/17 13:25:39
2318, 09/06/17 13:26:30
2414, 09/06/17 13:27:20
2510, 09/06/17 13:28:10
2606, 09/06/17 13:29:01
2702, 09/06/17 13:29:51
2798, 09/06/17 13:30:42
2894, 09/06/17 13:31:32
2990, 09/06/17 13:32:22
3086, 09/06/17 13:33:13
3182, 09/06/17 13:34:03
3278, 09/06/17 13:34:53
3374, 09/06/17 13:35:44
3470, 09/06/17 13:36:34
3566, 09/06/17 13:37:25
3662, 09/06/17 13:38:15
3758, 09/06/17 13:39:05
3854, 09/06/17 13:39:56
3950, 09/06/17 13:40:46
4046, 09/06/17 13:48:06
96, 09/06/17 14:07:20
192, 09/06/17 14:08:26
288, 09/06/17 14:09:31
